first_name,last_name,email
'Jeffrey','Lebowski','thedude@marmot.edu'
'Jesus','Quintana','quintanaj@marmot.edu'
'Jackie','Treehorn', 'treehornj@marmot.edu'
'Walter','Sobchak','sobchakw@marmot.edu'
'Donny','Kerabatsos','kerabatsosd@marmot.edu'
'Uli','Kunkel','kunkelu@marmot.edu'
'Karl','Hungus','hungusk@marmot.edu'
